Semi Major Axis (AU),Orbital Period (days)
0.091,10.30375
0.106,13.02502
0.159,22.68719
0.194,31.9959
0.25,46.68876
0.462,118.37774